{"cameraMode":{"drawMode":0,"name":"Shaded","section":"Shading Mode"},"sceneLighting":false,"audioPlay":false,"sceneViewState":{"m_AlwaysRefresh":false,"showFog":true,"showSkybox":false,"showFlares":true,"showImageEffects":true,"showParticleSystems":true,"showVisualEffectGraphs":true,"m_FxEnabled":true},"in2DMode":false,"pivot":{"x":5.960464477539063e-8,"y":0.8383156061172485,"z":0.12390777468681336},"rotation":{"x":-0.20480044186115266,"y":-0.04061552882194519,"z":0.008475776761770249,"w":-0.9780749678611755},"size":0.8660253882408142,"orthographic":false}